{
  "temperature": 0.05412006384142526,
  "humidity": 0.04831268098121014,
  "moisture": 0.04776339982784849,
  "N": 0.05296233074764472,
  "P": 0.04936443845117711,
  "K": 0.05214834277211521,
  "soil_type_encoded": 0.18108430313556054,
  "crop_type_encoded": 0.41453823944091295,
  "ph": 0.043731491669011587,
  "rainfall": 0.05597470913309397
}