epoch,accuracy,learning_rate,loss,val_accuracy,val_loss
0,0.05919981375336647,0.0010000000474974513,4.649383544921875,0.12738291919231415,3.9992237091064453
1,0.09918539226055145,0.0010000000474974513,4.262187480926514,0.14533257484436035,3.8973026275634766
2,0.12000208348035812,0.0010000000474974513,4.085373878479004,0.20127952098846436,3.5620124340057373
